nick, country code, package
Nico, us, ra
sane, us, ra
coj, us, ra
BLooD_DoG, ca, ra
carapace, se, ya
Hooraytio, se, ya
Dusty, us, ra
gnoffa, se, ya
rusti, fi, ya
grisling, se, ra
pattah, de, ya
yeti, gb, ra
driz, au, ra
BogoJoker, us, ra
Cronus, us, ra
ToT_slime, se, ra
ToT_Oddjob, se, ya
Jissse, fr, ra
eh, fi, ra
XantoM, se, ya
HangTime, gb, ya
namtsui, us, ga
Peppe, se, ga
rghst, de, ra
Javve, se, ya
Xerial, se, ya
BLAZE, us, ra
ToT_jOn, se, ya
niw, dk, ga
mazer, se, ga
Baresi, no, ya
Milton, fi, ga
TheChosenOne, no, ra
tr0ll, no, ya
bps, se, ga
